offset,chunk_size,u32_le_0,hex,ascii
0,32,3448,78 0d 00 00 0a 00 43 68 12 57 09 4e 50 7d a9 7f 18 00 54 00 61 00 6f 00 79 00 75 00 61 00 6e 00,x.....Ch.W.NP}....T.a.o.y.u.a.n.
32,32,5505056,20 00 54 00 72 00 69 00 6f 00 30 00 2a 0e 32 0e 1a 0e 32 0e 19 0e 40 0e 1b 0e 47 0e 19 0e 1e 0e, .T.r.i.o.0.*.2...2...@...G.....
64,32,239603253,35 0e 48 0e 19 0e 49 0e 2d 0e 07 0e 43 0e 19 0e 2a 0e 27 0e 19 0e 17 0e 49 0e 2d 0e 2a 00 10 01,5.H...I.-...C...*.'.....I.-.*...
96,32,50331745,61 00 00 03 6f 00 20 00 56 00 69 00 ea 00 6e 00 20 00 4b 00 ea 00 01 03 74 00 20 00 4e 00 67 00,a...o. .V.i...n. .K.....t. .N.g.
128,32,6881384,68 00 69 00 03 03 61 00 01 11 27 00 00 00 08 00 fb 4e d9 52 19 6a 18 8a 16 00 54 00 61 00 73 00,h.i...a...'......N.R.j....T.a.s.
160,32,2097259,6b 00 20 00 4d 00 61 00 72 00 6b 00 65 00 72 00 1e 00 2a 0e 31 0e 0d 0e 25 0e 31 0e 01 0e 29 0e,k. .M.a.r.k.e.r...*.1...%.1...).
192,32,239865363,13 0e 4c 0e 20 0e 32 0e 23 0e 01 0e 34 0e 08 0e 2a 00 10 01 61 00 01 03 6e 00 68 00 20 00 64 00,..L. .2.#...4...*...a...n.h. .d.
224,32,50397410,e2 00 01 03 75 00 20 00 6e 00 68 00 69 00 ea 00 23 03 6d 00 20 00 76 00 75 00 23 03 0a 00 43 68,....u. .n.h.i...#.m. .v.u.#...Ch
256,32,1309234962,12 57 09 4e 50 7d a9 7f 18 00 54 00 61 00 6f 00 79 00 75 00 61 00 6e 00 20 00 54 00 72 00 69 00,.W.NP}....T.a.o.y.u.a.n. .T.r.i.
288,32,3145839,6f 00 30 00 2a 0e 32 0e 1a 0e 32 0e 19 0e 40 0e 1b 0e 47 0e 19 0e 1e 0e 35 0e 48 0e 19 0e 49 0e,o.0.*.2...2...@...G.....5.H...I.
